{
  "3M": 0.041739,
  "10Y": 0.055739
}